PEP786,QFLPFLQR,1
PEP1314,WSFDDVPMTPLR,1
PEP1246,LALGQINIAK,1
PEP250,LYVIYKVPQVR,1
PEP203,IGQGYLIK,1
PEP927,ALPQTPR,1
PEP807,FAQLALER,1
PEP966,LLLFSSAVDTSIR,1
PEP1110,ELAFQISKEYER,1
PEP463,APLSWLTPAPSKK,1
PEP1322,LPVFPTQDEEVMMLTER,1
PEP1510,ISSLSFTLEEEEEGVEEEEEMAMYEEELEREEITTK,1
PEP448,ILTDEMLLK,1
PEP348,LGLALNFSVFYYEILNSPEK,1
PEP973,VLNFLIR,1
PEP695,IVALSSSLSNAK,1
PEP10,SQEEEQDVVLSSEGR,1
PEP917,MELGTPLR,1
PEP615,EQMISLQNLLTTR,1
PEP613,TQTPPLGQTPQLGLK,1
PEP739,EPELETTGTAGEGEAAAAGK,1
PEP1228,DASDDLDDLNFFNQK,1
PEP957,VLALGNEDGSIEIFQVPNLR,1
PEP753,NQVGAIVITPTR,1
PEP386,SHTILLVQPTK,1
PEP87,GGLVWDENSSDGR,1
PEP327,DISEASVFDAYVLPK,1
PEP143,ALLFIPR,1
PEP827,DVEEEDDTGGINLDK,1
PEP837,LLDAVDTYIPVPTR,1
PEP729,ALSQAAVEEEEEEEEEEEPVQSK,1
PEP25,AAAAVVVPAEWIK,1
PEP614,LALSDLLGPLKPSSSLAAVK,1
PEP1203,AVMEQIPEINK,1
PEP1282,SAEFLLHMLK,1
PEP611,LEIEPEWAYGK,1
PEP442,ASFPETDFQICLLCK,1
PEP907,MSQVPAPVPLMSLR,1
PEP625,TVIPGMPTVIPPGLTR,1
PEP1287,AEVLSEEPILK,1
PEP718,ELFVNADLYIVAGR,1
PEP313,MKLNISFPATGCQK,1
PEP1104,ELAFQISK,1
PEP736,AIIASNIMYIVGQYPR,1
PEP496,ILIATDVASR,1
PEP1403,MSQVAPSLSALIGEAVGAR,1
PEP254,CLYASVLTAQPR,1
PEP17,ICVQLCDLASPTALLIMR,1
PEP1083,LDPHLVLDQLR,1
PEP1390,SLLCHLPR,1
PEP1102,LLGPTVTLGGHK,1
PEP520,ALPGGGFIEEEKDELLQHFSATNQASK,1
PEP1050,LLVEFAR,1
PEP599,SQNIITDSSSLNAEAIR,1
PEP371,NMALLSQLYHSPAR,1
PEP1005,GITGVDLFGTTDAVVK,1
PEP1301,VCFVGDGFTR,1
PEP185,FSVLQYVVPEVK,1
PEP420,DGYVDISLLVSFNK,1
PEP1492,ATTAASSASEPEVEPQAGPEAEGEEDEAKPAGVQR,1
PEP1108,VNIVFNYDMPEDSDTYLHR,1
PEP621,RSELNQAAEPLGNQETKDSTSQEVLSELR,1
PEP345,DNLTLWTSDTQGDEAEAGEGGEN,1
PEP740,LYLLAQAFGGVSVAEFSSR,1
PEP504,FLDSNALGLTVAALSSYDPQMR,1
PEP950,LFILTEAR,1
PEP57,VVTIAPGLFATPLLTTLPEK,1
PEP151,FAGVDIR,1
PEP76,IFEPPPPK,1
PEP71,EGIQAEFVGGVLVCNNQVAVR,1
PEP192,LFFLQVK,1
PEP658,GLVPSMHLADIMMK,1
PEP18,CCSDFDLHSELER,1
PEP565,FMNPFNLPNLYQK,1
PEP1528,QLQQLQQLR,1
PEP1219,QGIVTPIEAQTR,1
PEP1235,APSTPVPPSPAPTPGLTK,1
PEP31,QVESFEDLRR,1
PEP666,LPELFSPGMLVR,1
PEP1056,HLIVLINK,1
PEP893,NVALTTFLK,1
PEP1044,TSYIAALLK,1
PEP471,NLDASAVIQGLVK,1
PEP903,LYGPTNFSPIINHVAR,1
PEP132,VFDMLNR,1
PEP846,SITCWTLSR,1
PEP849,ADLSLDELIR,1
PEP1032,MTSEVPAQEDFDGGIQWTSSVEAK,1
PEP570,EMFEDTVEER,1
PEP861,TITVALADGGRPDNTGR,1
PEP586,IGQLEEQLEQEAK,1
PEP358,LWNTLGVCK,1
PEP315,GPIKFNVWDTAGQEK,1
PEP1225,IFDIDEAEEAIK,1
PEP1432,QDSEIQILK,1
PEP8,LEYLSLVSK,1
PEP484,TCAAQLVSYPGK,1
PEP1258,ALNMAIPGGPK,1
PEP1118,ITHPVYSLYFPEEK,1
PEP1088,LQLQEQLQAETELCAEAEELR,1
PEP626,IMPNTVFVGGIDVR,1
PEP537,ISLPEAFK,1
PEP764,LFGAPEPSTIAR,1
PEP1498,AILEQQVLAEELTTKK,1
PEP797,SETASVCSTTLWVGQLDKR,1
PEP540,LLLLDTQQESGMLLR,1
PEP1398,ALPSFWIPSLTPEAK,1
PEP1471,LSLSNAISTVLPLTQLR,1
PEP505,LLAMVMVTTVPLVCNK,1
PEP1425,LFSGVFVK,1
PEP660,GLTVSFPFGK,1
PEP852,ESVELALK,1
PEP1129,AITVQEIAVLK,1
PEP331,LYTLVTYVPVTTFK,1
PEP993,TVAVDWAVAK,1
PEP1343,ALLDQLMGTAR,1
PEP1465,ALETLTGALFQRPPLIAAVK,1
PEP59,ITMIAEPLEK,1
PEP165,GYTVLGVEGR,1
PEP477,EIVHILMDCCLQEK,1
PEP1377,VMMVALGR,1
PEP1507,LFEISDVVVK,1
PEP796,EGVLGQVPLAPPQPGAPPSPAPAR,1
PEP704,EEEVTGPVIAPLFPQKR,1
PEP560,ITLDCIMTYR,1
PEP1395,TLFILNVPPYCTQESLSR,1
PEP101,AISDGTAFCEVAR,1
PEP1506,DRYDSFIELQEK,1
PEP717,LVEQLFSSGAIQVVVASR,1
PEP40,VLPQLISTITASVQNPALCLVTR,1
PEP378,VQAEHSESGQLVGVDLSTGEPMVAAEMGVWDNYCVK,1
PEP1383,GDVSEDEPSLGR,1
PEP179,EEELREYQER,1
PEP610,SEETLDEGPPKYTK,1
PEP367,VLANPGNSQVAR,1
PEP159,VQVSVFK,1
PEP215,DTNLLILFK,1
PEP1414,VGIEAAEMLLANLR,1
PEP1128,YLPPATQVVLISATLPHEILEMTNK,1
PEP1438,DICFNTAGTQFLSAAYDR,1
PEP422,QVLADIAK,1
PEP1096,MVADLVENSYSISVPIFK,1
PEP808,SSAGISSMPNITVGTQVCLR,1
PEP1368,LGSTVFVANLDYK,1
PEP592,SFLLDLLNATGK,1
PEP760,DAIAALGLLQK,1
PEP782,LERENAEVDGDDDAEEMEAKAED,1
PEP924,LMLLEKDVNPGAK,1
PEP1303,CMQLTDFILK,1
PEP369,SNSVEMDWVLK,1
PEP947,FELSCNLSLDAMEEFLNR,1
PEP426,VSAQGPQFVTGVIVK,1
PEP1337,IDGPLLQILFMNNAISK,1
PEP409,LASVPAGGAVAVSAAPGSAAPAAGSAPAAAEEKKDEK,1
PEP631,LLGLPFIAGPVDIR,1
PEP69,FSQIVNLK,1
PEP1525,LQAQSLSSVGPR,1
PEP1123,FMTDPIR,1
PEP1371,YLFIFSVANMR,1
PEP1486,GPGWDLQR,1
PEP571,YMPQNPHIIATK,1
PEP182,LLLTPWVK,1
PEP178,TKNETDEDGWTTVR,1
PEP176,LESLNIQR,1
PEP137,SLKDLQESTAK,1
PEP1046,MEDQFAALHENPDIIIATPGR,1
PEP46,APSATASLNSVTR,1
PEP580,LDTDDLDEIEK,1
PEP676,DTSCLTLTDDTEMKK,1
PEP292,RAGELTEDEVER,1
PEP971,TPEVTVSIIK,1
PEP129,IGGIGTVPVGR,1
PEP1426,IPLVPENLLK,1
PEP78,IIPLYSTLPPQQQQR,1
PEP1175,LKTEEGEIVYSAEESENR,1
PEP930,NSGPVSEVNTGFSPEVK,1
PEP723,AHINLVR,1
PEP769,WVPLQIDMKPEVPR,1
PEP1058,GCILTLVER,1
PEP150,TGVAPIIDVVR,1
PEP322,LPAAGVGDMVMATVK,1
PEP344,VVSSIEQKTEGAEK,1
PEP380,AQLGVQAFADALLIIPK,1
PEP691,TLAYCVPVVQSLQALTSK,1
PEP902,GSITISAEEIKDNR,1
PEP243,FLDGIYVSEKGTVQQADE,1
PEP1239,GAFIQLLR,1
PEP574,YWTLTATGGVQSTASTK,1
PEP412,FPTLWSGAR,1
PEP309,LTGVFAPR,1
PEP134,YSNVVFLEVDVDDCQDVAADCEVK,1
PEP651,SLSEIQPGMLLIGFVK,1
PEP1412,VSTALSCLLGLPLR,1
PEP336,RECPSDECGAGVFMGSHFDR,1
PEP206,VMFSSFGQIEECR,1
PEP423,DKVEASSLPEAR,1
PEP1099,DATFYQR,1
PEP795,GADGKPPSLTLAASTPGPEETLTAATVPPPPR,1
PEP1109,QCMMFSATLSK,1
PEP7,VDDEEDEDLEIELVEEEPPFLR,1
PEP387,ADTQTYQPYNKDWIK,1
PEP334,GQILMPNIGYGSNK,1
PEP1330,ACLNFLK,1
PEP681,MLTEAIMHDCVVK,1
PEP1186,IYVISLAEPR,1
PEP276,AIIIFVPVPQLK,1
PEP815,IDLAVLLGK,1
PEP279,IIDVVYNASNNELVR,1
PEP1393,LFLEQFSIPSCVLNGELPLR,1
PEP483,IFSTTESYLK,1
PEP244,TILSNQTVDIPENVEITLK,1
PEP1079,IAQLEEELEEEQGNTELINDR,1
PEP1007,GTQGVVTNFEIFR,1
PEP44,QAGAEALSQAVAR,1
PEP1064,ELLGQGLLLR,1
PEP945,AAGEEEEEEMLI,1
PEP596,QLALETIDINKDPYFMK,1
PEP96,GAVIATELKNNSYK,1
PEP814,TVEVPEDEVVR,1
PEP66,LGLNCAIYATIPVYK,1
PEP162,QGIQVLVSTSNVSSLEGAR,1
PEP616,LLEAIGSLSGK,1
PEP1355,MTDVFEGSIIR,1
PEP5,LRELFPVLCQPDNPSAR,1
PEP207,FGPALSVK,1
PEP855,VAAVQPPEEGPSRK,1
PEP961,LSESQLSFR,1
PEP1113,APTLASLENCMK,1
PEP840,TLLENTAITIGR,1
PEP1006,GYIFLEYASPAHAVDAVK,1
PEP1451,LLLDIPLQTPHK,1
PEP775,LVQSPNSYFMDVK,1
PEP43,VGKGEPDAAPLSAPAFSLVFPMLK,1
PEP288,LAEQAERYDEMVESMK,1
PEP126,SILFVPTSAPR,1
PEP590,TTLQVDTLNTELAAER,1
PEP1004,YAVTTGDHGIIR,1
PEP23,DQEPDVVQALLQDSSDK,1
PEP1168,CLLINYNPDSQELDFR,1
PEP160,IIPGFMCQGGDFTR,1
PEP1227,DYTYEELLNR,1
PEP1520,VEQPVGEGLAVK,1
PEP784,ENAEVDGDDDAEEMEAKAED,1
PEP1257,GPGNPVPGPLAPLPDYMSEEKLQEK,1
PEP56,VINVNLIGTFNVIR,1
PEP49,NEVQLLEIEK,1
PEP951,VEPMVDQLLK,1
PEP285,DNLTLWTSDMQGDGEEQNK,1
PEP1105,CMALAQLLVEQNFPAIAIHR,1
PEP1399,EAAIVSRPLNPFMPK,1
PEP963,QPTPPFFGR,1
PEP494,EVDKFQLYQNFSCNIR,1
PEP745,LGLDILEVVPISK,1
PEP293,QPTIFQNK,1
PEP51,ILPQINPELLYQTSVSSQSFSPVK,1
PEP1456,FTGINTAILVGGMSTQK,1
PEP1195,LVTLPVSFAQLK,1
PEP282,MNVLADALK,1
PEP109,APVYSFFTGEGTGK,1
PEP1212,ITIPYGR,1
PEP211,GFGFVCFSSPEEATK,1
PEP813,LLLFLSTELQALQILQK,1
PEP1335,SLLMSVGPIQSLQMLPQQR,1
PEP1410,KFSEEPEVAANFTK,1
PEP6,EEFPDFDEETGILPK,1
PEP75,LDLGEDYPSGK,1
PEP323,TTPDVIFVFGFR,1
PEP845,FSDQFPLPLK,1
PEP303,EPVQLETLSIR,1
PEP119,LGLGIDEDDPTVDDTSAAVTEEMPPLEGDDDTSRMEEVD,1
PEP1130,EMLAADNLDIDNMR,1
PEP1169,MTLQLIK,1
PEP1490,ELWDSIMTR,1
PEP154,YVDIAIPCNNK,1
PEP97,LGDDIDLIVR,1
PEP952,VPDELGLENR,1
PEP652,CVLPSSVIIGLGPSVLGLAK,1
PEP720,QQPPEPEWIGDGEGTSPADK,1
PEP1315,LLQQLFLK,1
PEP1323,TGAFALPILNALLETPQR,1
PEP1379,LANIDEAMLQR,1
PEP394,YLGINSDGLVVGR,1
PEP1000,DEFSTFGTR,1
PEP1165,DCVAVAGPLGVTHFLILTK,1
PEP1249,DLELEMGDDYILDLQK,1
PEP202,IGQGYLIKDGK,1
PEP791,LMMDPLTGLNR,1
PEP26,LGLLEALLK,1
PEP234,AAGVSVEPFWPGLFAK,1
PEP1363,LSINTQLLAR,1
PEP1095,ELLELASR,1
PEP671,GRIPLLLTSLSFK,1
PEP1057,SFVPNMIGGASQADLAVLVISAR,1
PEP1012,VTLMQLPTR,1
PEP1423,NIPGITLLNVSK,1
PEP1281,FTLWWSPTINR,1
PEP489,VENATLFGVFVDIGVGK,1
PEP851,ALEPEEGNPQTEAQENGPER,1
PEP1101,VNAAFAAR,1
PEP105,SPLLPLPTPK,1
PEP1213,GGSGVQSSRFEEDDGDVAMNDPQDGPR,1
PEP332,FKGQILMPNIGYGSNKK,1
PEP547,LPPQSCLLLPATPVR,1
PEP1023,SLFVVVGDR,1
PEP1387,ETLLEMFK,1
PEP61,YDWDLLAAR,1
PEP972,FIVLQELVEK,1
PEP311,ECLPLIIFLR,1
PEP73,VESLLVTAISK,1
PEP892,TLSVAIEGSVDEAK,1
PEP1121,EQTLISMPYHVCTLK,1
PEP750,CFQMEETVLR,1
PEP1367,MGLVMDR,1
PEP1204,LLNPSLQK,1
PEP1351,DLDVEGTDEPIFGK,1
PEP1220,QNIHLIR,1
PEP237,NNVTPDMMEEMYK,1
PEP95,YLILKDPNKQVIR,1
PEP780,TVYSILR,1
PEP1415,TGAPQYGSYGTAPVNLNIK,1
PEP1511,YWEEETTPAAVATSPGPPR,1
PEP365,LAATNALLNSLEFTK,1
PEP361,DVLSVAFSSDNR,1
PEP1444,FGESTTGFNFSFK,1
PEP124,EKYIDQEELNK,1
PEP1375,GEVGLLFTNR,1
PEP809,DLSLLQIQMR,1
PEP722,QQPPEPEWIGDGEGTSPADKVVK,1
PEP193,SDFDEFER,1
PEP502,EFIPLPR,1
PEP1357,DGMGMVEYLR,1
PEP475,FMLETMLALK,1
PEP194,ELLTSFGPLK,1
PEP788,TCATVTIGGINIAEALVSK,1
PEP434,LWVGGLGPWVPLAALAR,1
PEP1338,LHLGFIQIR,1
PEP158,TTSLELFMYLNEVAGK,1
PEP694,SLVQEMVGSFGK,1
PEP554,KALEFVTNPDIAAK,1
PEP1197,VLGTEAVQDPTK,1
PEP904,FGIYDIDNK,1
PEP867,EVPLPVNPILMAHGNISPSAYVLETFK,1
PEP280,FLTVMMK,1
PEP583,TASWLAAELSK,1
PEP628,FIEVMQGSEQQWIEFGGTATEGGDTPR,1
PEP145,NPDDITQEEYGEFYK,1
PEP1308,MDEQALLGLNPNADSDFR,1
PEP994,LNLNNTVLSK,1
PEP706,SNSLISIK,1
PEP1470,NTLVTEAVQAPQLAAEAVNVIK,1
PEP655,IPLLLTSLSFK,1
PEP552,LGTLLPVIEK,1
PEP172,AREESWGPPR,1
PEP1300,ATFCLPILGVK,1
PEP1339,LAETQEEISAEVSAK,1
PEP249,FPSLLTHNENMVAK,1
PEP403,AAPWTSFLPPPPPMPGSGLGPGKPGLK,1
PEP956,FGATLEIVTDKSQEGSQFVK,1
PEP217,DEEEEEEKLEEK,1
PEP12,SSDAPFGHQFSEEAAGPLSDPPPEEPK,1
PEP168,MVVPAALK,1
PEP470,CIAFGNEGEYVAAVR,1
PEP1364,VMATTGGMGMGPGGPGMINIPPSILNNPNIPNEIIHALQAGR,1
PEP431,AATSAVTAYEPLDSLDR,1
PEP890,LYQYPNFAGPQAALANK,1
PEP602,TLETPAAQMEGFLNR,1
PEP519,LFESLYTK,1
PEP1302,YAQVTNNPENDGCINAVLLV,1
PEP184,FCLQYTR,1
PEP522,QPVWVDEDDEDEEIVDMSNNR,1
PEP1063,FEELTNLIR,1
PEP467,QLLAEESLPTTPFSFILGK,1
PEP805,IVLLSANSIR,1
PEP944,FNIQYVLAVSK,1
PEP958,VNLQMVYDSPVCR,1
PEP1029,QTIQYIHPADAVK,1
PEP979,VTIDDLPNR,1
PEP1147,LYLAPLTTCGNLPFR,1
PEP1117,SQVLDDEDSNNITVGSLVTVLVK,1
PEP1157,VACITEQVLTLVNKR,1
PEP63,FFDDPMLLELAK,1
PEP595,EVTSATNALR,1
PEP1307,ELLVNLNPIAQPLASR,1
PEP603,TQTAIASEDMPNTLTEAEK,1
PEP716,SGGPVVVLVQLER,1
PEP1229,IESDAQEPAEPEDDLDIMLGNKK,1
PEP1356,ADAFGDELFSVFEDDSTSAAGAKK,1
PEP1176,VIVSDVQESFIWVR,1
PEP1397,SALLALGLK,1
PEP719,STLLLLLTGK,1
PEP617,TADGPNPWMLR,1
PEP77,TTQIPQWCVEYMR,1
PEP104,SSVLYTGSSDHTIR,1
PEP1462,YEDGIEVNQEIVVITTK,1
PEP673,VVVLHVDMLK,1
PEP465,EGPSLGPPPAASTLSR,1
PEP174,LLDMDGIIVEK,1
PEP245,TICSHVQNMIK,1
PEP1354,YCLPFLQPGR,1
PEP236,QFSQYIK,1
PEP1268,ANPALYVLR,1
PEP1531,ASSGDASSLSIEETNKLR,1
PEP1454,QTLVFSATLTLVHQAPAR,1
PEP858,GLNISAVR,1
PEP354,VVANSKESYELR,1
PEP885,MSIEDENFR,1
PEP407,ILDSVGIEADDDRLNK,1
PEP1430,NILSVVGTDALKK,1
PEP396,HLEELEEK,1
PEP435,DLYTDSDWVPPPPPVR,1
PEP567,AAALEFLNR,1
PEP1251,TLLLCGYPNVGK,1
PEP579,FVSISDLFVPK,1
PEP1434,TLFVGLPPPADR,1
PEP1112,QTMAEVFEKEQSICAAEEQPTEDGQSDANK,1
PEP1076,VCAHITNIPFSITK,1
PEP146,EQVANSAFVER,1
PEP118,LTIIVTDPAHCNVLR,1
PEP731,FGFELVK,1
PEP424,IVSGEPLPGR,1
PEP1182,MQGQEAVLAMSSR,1
PEP550,YPLVFSQQTVGSYLK,1
PEP492,VLNVDIPR,1
PEP171,NLQEAEEWYK,1
PEP1152,LSEQELEALELR,1
PEP600,LTTLELLEVRR,1
PEP910,LGLIQEDVASSCIPR,1
PEP905,DIVQFVPFR,1
PEP1224,QIENVLR,1
PEP1392,AIPLALEGK,1
PEP82,TLATDILMGVLK,1
PEP864,TLSFSSDNIAVLSAAADSIK,1
PEP1422,TKEAVQLLK,1
PEP1273,MNSSCADILLFASYK,1
PEP949,YIIEELNVR,1
PEP120,APFDLFENR,1
PEP632,FASCVDASGGLK,1
PEP339,DAGTIAGLNVLR,1
PEP1358,KEDMEYALR,1
PEP607,TQFLPPNLLALFAPR,1
PEP1324,ADVLDLHEAGGEDFAMDEDGDESIHK,1
PEP682,FSALQQTLPAENTDNR,1
PEP749,AVLADWVSGK,1
PEP1329,QDAKYDLILDEQGEDSK,1
PEP529,VVTDLISLIR,1
PEP1529,LRQLQQLQQLR,1
PEP1391,ALLFVNTLER,1
PEP970,GGQLLVSLK,1
PEP1440,TPSFAFQGGSNTEFK,1
PEP913,GHTQTWPDTSSPEVMQTQVESPLLQSK,1
PEP663,IEEALMDPGRQPESADDFDR,1
PEP699,AIFEIVLNR,1
PEP413,SGDETPGSEAPGDKAVEEQGDDQDSEK,1
PEP768,GSEPATYMPVSVAPPTPAWQPETK,1
PEP390,APAMFNIR,1
PEP189,WEEAIPLALK,1
PEP414,YNVLGAETVLTQMR,1
PEP260,VNILFDFVK,1
PEP473,EEVQWGVFVPR,1
PEP22,YVLLSAR,1
PEP1469,IMLPGLLR,1
PEP115,MVVITGPPEAQFK,1
PEP996,LLGANIR,1
PEP689,ALCIDQLDVFLQK,1
PEP1043,VLVYELLLGK,1
PEP404,AMGSGGAGSEQEDTVLFRR,1
PEP989,TLIVEPHVIPNR,1
PEP453,EAAAAAAAAVAAAAAAAAAAEPYPASGTTK,1
PEP201,KSLLVQTK,1
PEP627,FLGIEVLLR,1
PEP28,FKTTVPIVESK,1
PEP1077,ANLQIDQINTDLNLER,1
PEP382,AVAQALEVIPR,1
PEP123,YIDQEELNK,1
PEP1028,AGFVPVYLR,1
PEP485,FVIEENLHCIIK,1
PEP92,FQIGDYLDIAITPPNR,1
PEP163,FPQLDDTSFANSR,1
PEP1054,IQLLVFK,1
PEP1452,MICQQVEAIKK,1
PEP1439,SGFEGLFPK,1
PEP1200,FEEVEEEPEVIPGPPSESPGMLTK,1
PEP275,KAIIIFVPVPQLK,1
PEP899,TDGKVFQFLNAK,1
PEP1216,MLQAMGWK,1
PEP1487,VLSGAVAAEAAEAKGPGWDLQR,1
PEP752,ITEEEFEK,1
PEP1378,IVFVPGCSVPLTIVK,1
PEP349,EAAEQDPDKDIDESESSSF,1
PEP1313,SMLAALIAAQATALNR,1
PEP291,IPDWFLNR,1
PEP844,ALVMLLEVR,1
PEP326,LITPAVVSER,1
PEP1407,FSEEPEVAANFTK,1
PEP379,GIDPFSLDALAK,1
PEP609,AWTVEQLR,1
PEP528,LMEDEETDQGYK,1
PEP1385,LVCADIADISMK,1
PEP1516,TAVFVLATLQQLEPVTGQVSVLVMCHTR,1
PEP302,CNNVLYIR,1
PEP1374,YMWDAQSGR,1
PEP233,ALANVNIGSLICNVGAGGPAPAAGAAPAGGAAPSTAAAPAEEKKVEAK,1
PEP1497,VLSEQLSQQTELFAEIER,1
PEP995,VTEAVECLLSLK,1
PEP210,LFPLIQAMHPSLAGK,1
PEP585,IAQLEEELEEEQSNMELLNDR,1
PEP45,ALQAAIQQLAEAQPEATAK,1
PEP856,AASIFGGAKPVDTAAR,1
PEP317,PFLWLAR,1
PEP252,VFSGVVSTGLK,1
PEP1449,WAEDQNSLLK,1
PEP224,LLGQFTLIGIPPAPR,1
PEP653,VTQFGLQLNFLTFFK,1
PEP110,IQILQGLQETYEPPEHPDQAPCSLISR,1
PEP240,ALSDALTELGYK,1
PEP1304,LVAIVDVIDQNR,1
PEP1133,DAVNAAIQQAIK,1
PEP175,QCLDLLR,1
PEP683,FIGELFK,1
PEP1022,AGQNASIVSLKSDK,1
PEP48,MLSFGFSDK,1
PEP98,GIGEPALLAENVVLVDCSSLPSGQLQVDVTLR,1
PEP835,QTLLFSATFR,1
PEP1144,SATTLEQEIAR,1
PEP898,VFQFLNAK,1
PEP196,AMQAAGQIPATALLPTMTPDGLAVTPTPVPVVGSQMTR,1
PEP812,TTVTLAHLLAAR,1
PEP1236,WQVLVDSITGMGSPDFDNQTLAVLR,1
PEP11,KPNVCEEVLATPNK,1
PEP572,GADIDALCVAPR,1
PEP80,SLMSADNVR,1
PEP1381,MLLCEAVAAVMAK,1
PEP509,DLHVLMDHLPNTLR,1
PEP526,CLEQLVFGDVEDDEDALLQR,1
PEP1280,LLILALER,1
PEP548,ELSPLFLR,1
PEP259,FVLCPECENPETDLHVNPK,1
PEP623,QGIETPEDQNDLR,1
PEP873,ENALVQMADASQAQLAMNHLSGQR,1
PEP281,IVVNLTGR,1
PEP353,LGEWVGLCK,1
PEP1344,RLAETQEEISAEVSAK,1
PEP1320,LFALVLTPTR,1
PEP89,ITNNINVLIK,1
PEP1145,AGNAIVEFATVR,1
PEP1513,VAVFFGGLSIK,1
PEP1138,KTEEEEEEELEETAQEKK,1
PEP1199,VLGFSEPTVVTAALNCVGK,1
PEP1512,NEVLMVNIGSLSTGGR,1
PEP1103,RILVATNLFGR,1
PEP1161,AGSVATCQAVMR,1
PEP822,AAVLFATDIAAR,1
PEP256,TFCQLILDPIFK,1
PEP229,SSITPGTVLIILTGR,1
PEP591,DSLTLVFVETK,1
PEP1030,ASEVFLQR,1
PEP891,VTTAVELITPISAGDLLSPDSVLSCLYPGDHGK,1
PEP52,IIIWNLR,1
PEP269,FNPFVTSDR,1
PEP1230,IESDAQEPAEPEDDLDIMLGNK,1
PEP1120,TIQDLVSLK,1
PEP1188,ADDVVWVR,1
PEP742,TGQAFTLLLK,1
PEP300,IMLKGDNITLLQSVSN,1
PEP1171,LVGATATPPPPPK,1
PEP1009,SPSQEPSAPGKAEAVGEQAR,1
PEP1166,QAVGEEPDEDLFPTAAKR,1
PEP700,IIYIAPMR,1
PEP74,VIVMSATLDAGK,1
PEP1244,LVAQFPSSGR,1
PEP869,DAVTQALFLR,1
PEP1266,NNVNVASLTQSEIR,1
PEP804,LSLELFGR,1
PEP1362,LQVLVGDVLK,1
PEP654,SGAAEEDDSGVEVYYR,1
PEP897,AAMGNFVDLCR,1
PEP1352,NFQPVIIFSFSK,1
PEP318,VHPAVVIR,1
PEP32,LYINHNPPPLSK,1
PEP1429,QAEVLAEFER,1
PEP909,VPLSAYDR,1
PEP727,LDPYAYVPLNR,1
PEP306,FLILPDMLK,1
PEP1274,YYVLNALK,1
PEP1334,NIPETLELSAEAK,1
PEP265,ATQALVLAPTR,1
PEP978,IFQPVVEAPGAPK,1
PEP935,IANLQTDLSDGLR,1
PEP1160,AEVLWLMGAK,1
PEP94,NMVQFNLQTLPK,1
PEP853,LFDDSDER,1
PEP1342,SLREESWEYGR,1
PEP1270,FNTGPVGK,1
PEP209,EFTNVYIK,1
PEP199,IFIGTFK,1
PEP429,VAFVNFR,1
PEP1164,LMATMFQNLFPSINVHTVNLNTIK,1
PEP495,LFNDDNTIPFIVR,1
PEP1419,ACARPLISVYSEK,1
PEP1126,TATFSVSVLQCLDIQVR,1
PEP273,YLAEVATGEK,1
PEP1515,QVMMFSATLSK,1
PEP225,LYSPSQIGAFVLMK,1
PEP1418,GGFCNFMHLKPISR,1
PEP908,SPGMLEPLGSAR,1
PEP1254,VLVLAPTR,1
PEP562,NLLFIAK,1
PEP568,LLEFQLALK,1
PEP569,LEAMCFDGVR,1
PEP1309,YSELSTAQQQLIR,1
PEP55,LVLVSPTSEQYDSLLR,1
PEP1049,SGGFQSMGLSYPVFK,1
PEP177,ELEIEER,1
PEP58,LWISVAR,1
PEP1243,SGDAAAEQAAEYVPEK,1
PEP833,GFGFGGFAISAGK,1
PEP227,IKAVPQLQGYLR,1
PEP1409,EELASDLEEMATSSAK,1
PEP1217,TEQGEEEEEEDEEEEEEKASNIVMLR,1
PEP715,MQLSAELQSDTEEILSK,1
PEP1361,NPLIVNSIIDK,1
PEP1493,ALVENCLVPDLWIR,1
PEP974,NVLCVEHGQPVESVLLFPSGGLLVSAGGR,1
PEP247,IYVDDGLISLQVK,1
PEP1031,IVSGCPLPEACELYYVNR,1
PEP136,TQSEATLEIETLGK,1
PEP538,QGAPLIAFSLLPYEQK,1
PEP1106,VSVFFGGLSIK,1
PEP1427,FLGTTCYDR,1
PEP811,VPSLNVPWLPDR,1
PEP1015,NMVGAGEVDEDLEVETKEECEK,1
PEP1350,TQQPTECFLTQTKEPK,1
PEP1,ELEALMPSAAGQEK,1
PEP1532,EAGTKEEPVAADVINPMALR,1
PEP841,SNILTLMYQCMQDK,1
PEP751,VVEVSSVDR,1
PEP1114,LSQMAVQGLQQFK,1
PEP1312,IIFSEHLPLSK,1
PEP450,ITLESFLAWK,1
PEP1025,FILSLASCKK,1
PEP230,AVPQLQGYLR,1
PEP748,ILETDPLQQGQALASALK,1
PEP1140,EIQAPAPTDIR,1
PEP1299,VLSNMIK,1
PEP272,DNLTLWTSDQQDDDGGEGNN,1
PEP130,LPLQDVYK,1
PEP479,MQSLSLNK,1
PEP587,ELQAQIAELQEDFESEK,1
PEP650,LNEQVAQEEPLEDLLR,1
PEP1366,MGPAMGPALGAGIER,1
PEP564,NQQIFLR,1
PEP1370,AFITNIPFDVK,1
PEP759,LPDPFTPNLK,1
PEP620,LALSDLLGPLK,1
PEP1073,YHAESLQNMSK,1
PEP1400,EAVVQAEEAAAEITR,1
PEP47,LTILALGEK,1
PEP679,TASTPTPPQTGGSLEPQPNGESPQVAVIIRPDDR,1
PEP757,TVLWNPEDLIPLPIPK,1
PEP1524,GTIVFNATSEFCR,1
PEP774,DLLHPSPEEEK,1
PEP1159,NPGLWLESVR,1
PEP1163,LPGGPTLTFQISK,1
PEP1218,LACLLCR,1
PEP1284,DLIDYVR,1
PEP1319,SILLATDVASR,1
PEP405,ETCVVVYTGYGNR,1
PEP350,ELELLPPPPQQK,1
PEP352,IAGYVTHLMK,1
PEP773,QVVNIPSFIVR,1
PEP121,NPDDITNEEYGEFYK,1
PEP678,AAVAVVPLLSEDK,1
PEP1014,QSTVLAPVIDLK,1
PEP1149,CVLFETFGR,1
PEP251,SLTYLSILR,1
PEP219,AEEDEILNR,1
PEP222,TNSTFNQVVLK,1
PEP806,EVVFVEDVK,1
PEP1341,AEKVHELNEEIGK,1
PEP261,AMGPLVLTEVLFDEK,1
PEP850,AQEATTGMAFEETIDENKFEK,1
PEP1085,DVLLQVEDERR,1
PEP1445,LLLPSTFFCYK,1
PEP1346,TSTLETPWDVR,1
PEP820,SADFVVESIGSEVGTLGFAIEGPSQAK,1
PEP1066,DFESHITNYK,1
PEP283,LGLALNFSVFYYEILNSPDR,1
PEP355,YFQINQDEEEEEDED,1
PEP940,LLELLPGK,1
PEP455,VLDAVTTNPGR,1
PEP351,LLDFGSLSNLQVTQPTVGMNFK,1
PEP375,AVTIFIR,1
PEP1459,SLVFANSISCIKR,1
PEP1259,IIHTSVWAGQK,1
PEP466,VWILTDDSDIYKK,1
PEP1036,ALWFQGR,1
PEP1401,LAALALASSENSSTPEECEEVNEK,1
PEP1074,GQPVAPYNTTQFLMDDHDQEEPDLK,1
PEP551,YFPLLAK,1
PEP713,EEEVTGPVIAPLFPQK,1
PEP539,MSVLNMVVSR,1
PEP314,YVATLGVEVHPLVFHTNR,1
PEP1517,RQALEQSAEGLIR,1
PEP1297,GVLKLEESMK,1
PEP800,AVEPPLSQVGTIDTVSELNK,1
PEP128,TIIPLISQCTPK,1
PEP511,ETLLDLMSTVVR,1
PEP1369,EVFSMAGVVVR,1
PEP866,AVFLLQNNLVELYSLNASLPAPQPVR,1
PEP180,IGLINDMVR,1
PEP629,TVLQYRPVLIDPVSR,1
PEP1207,YNLQEVVK,1
PEP223,GTVLLSGPR,1
PEP696,NQVLVFVHSR,1
PEP24,IEFEPASK,1
PEP992,GFAFVQFK,1
PEP818,IGNLQTDLSDGLR,1
PEP197,GENLVSMTVEGPPPKDTGIAR,1
PEP865,IKECPGIQDTPESEDSTLEADDEK,1
PEP1111,DDEAEWQELQQSIQR,1
PEP1347,QLFVVAQK,1
PEP35,SFDLLILK,1
PEP980,VTAALPSEK,1
PEP1193,IQDIVGVLR,1
PEP1233,MVEFLQGIVPCR,1
PEP1455,ALSFLGFSAPTPIQALTLAPAIR,1
PEP1296,TYGICGAIR,1
PEP901,QINWTVLYR,1
PEP1466,QDYIDYSDSGKNTLVTEAVQAPQLAAEAVNVIK,1
PEP926,SMLQTPPDQNLSGSK,1
PEP642,SSLAAELNK,1
PEP1154,AVTSEIAVLQSR,1
PEP1499,VQVQSNRENLEQAFEVAER,1
PEP962,ASYVAPLTAQPATYR,1
PEP445,GPPGPAAASAAQQLGLGPPFAGAPFSILSVFPER,1
PEP462,STILLNLDFGQPSK,1
PEP308,VAQLEQVYIR,1
PEP500,DIMDSLILR,1
PEP1139,TEEEEEEELEETAQEK,1
PEP19,TTFEIEISR,1
PEP531,VKLEDQGLPENLIVSNGGDSSFPCR,1
PEP530,LLPDETGR,1
PEP878,LYGLLDPSIFHVK,1
PEP1177,NENQLIIFADDTYPR,1
PEP771,LQTQVFK,1
PEP469,SQFYFLTK,1
PEP187,VLITTLITASR,1
PEP941,TPAILYTYSGLR,1
PEP1505,DLLFQALGR,1
PEP13,TVSEASELQK,1
PEP762,FSHPTALPQQLPSQQLMSK,1
PEP799,GCAYIVMVHR,1
PEP888,VETNLQPEVPGFK,1
PEP1293,YEISSVPTFLFFK,1
PEP400,RVNQAIWLLCTGAR,1
PEP1078,IAQLEEQLDNETKER,1
PEP1348,YIQELWR,1
PEP257,IWCFGPDGTGPNILTDITK,1
PEP1191,IISAASEGGANVFTVSYFK,1
PEP593,LEQELFSGGNTGINFEK,1
PEP735,AVGHPFVIQLGR,1
PEP320,LPAAGVGDMVMATVKK,1
PEP1072,EYLELEK,1
PEP1450,TGEEDEEEFFCNR,1
PEP1183,AEVIMNYHVGETVLSLQK,1
PEP263,YLTTAVITNKDVR,1
PEP697,FQIMNEIVYEK,1
PEP829,DIPVLVATDVAAR,1
PEP724,LGFFTTYFLPLATTLK,1
PEP81,FQIYFDNCPLLTIPGR,1
PEP747,TMESYCQDVLK,1
PEP1052,LQYEGIFIK,1
PEP417,TSIAIDTIINQKR,1
PEP882,QQNESAGSEAQEVIPRPAGNR,1
PEP488,LIVPLLCR,1
PEP714,WLSCETQLPVSFR,1
PEP242,IYQLQVLANCR,1
PEP200,TEFIPLLDGDEK,1
PEP1291,LIPTVPLR,1
PEP1373,ATLTVSLDPGPLK,1
PEP533,DYSLLPLLAAAPQVGEK,1
PEP684,LLTTIGKDLDFAK,1
PEP340,MVNHFIAEFK,1
PEP64,HGVVPLATYMR,1
PEP108,AALQTAYVEVQR,1
PEP542,LISIWSR,1
PEP1480,KIEEIKDFLLTAR,1
PEP690,LVCLAAFILQK,1
PEP138,TILELKGEVDTIK,1
PEP733,LISGWVSR,1
PEP895,AMAVLEPLQVVITNFPAPKPLDIR,1
PEP1500,SPALAFSLAATAQAAPR,1
PEP33,NILIVLTK,1
PEP65,VYNVTQHAVGIIVNK,1
PEP662,SGAAEEDDSGVEVYYREGEDEVGEPK,1
PEP999,LGEENKGHQMLVK,1
PEP1081,ELEDATETADAMNR,1
PEP1202,AGGFVVGYTPSGNPIFR,1
PEP830,IIDPLPPIDHSEIDYPPFEK,1
PEP1285,FGYNVNR,1
PEP436,IEAVYVSR,1
PEP1234,ASSQALGTIPK,1
PEP854,LFDEEEGPNEK,1
PEP931,DSPTGSSGSFHLCPGVTPSSIVPGESCFSASFVQQK,1
PEP668,VGQYLTCVVEEVK,1
PEP241,IVTGGSDNHLILMDLR,1
PEP707,YPPPTELLDLQPLPVSALR,1
PEP83,SNLGSVVLQLK,1
PEP393,MALLASNSCFIR,1
PEP920,CLELEEMMEEQGYEEQQIQEK,1
PEP1406,LAQFIGNR,1
PEP734,QLYLTVLSK,1
PEP641,EQHVALVTSTLPPLPLPPMLPEDK,1
PEP290,IAFAITAIK,1
PEP702,VVLLTGETSTDLKLLGK,1
PEP1215,LNVVAFLNELPK,1
PEP737,LNMILVQILK,1
PEP142,TLTLVDTGIGMTK,1
PEP534,EGASQNCSFPR,1
PEP1408,RKFSEEPEVAANFTK,1
PEP918,SLSYSPVER,1
PEP1384,SILIGEILEK,1
PEP646,IKAEVEEEMEEEEAEEEQVVEEEPTVK,1
PEP976,SAAPLLDVFSSMLK,1
PEP449,QQCCEEDLDVSSKDDGGTWVAEDAGER,1
PEP794,EFDQLDQENDDGWAGAHEEVDYTEK,1
PEP153,LLEPVLLLGK,1
PEP981,MSFIAPNLSIIIGASTAAK,1
PEP1483,ATALPLLK,1
PEP881,NMLLQNPQLAYALLQAQVVMR,1
PEP984,SALANQIDWTEIGVIVK,1
PEP1345,IAVFQGK,1
PEP125,LIINSLYK,1
PEP85,FTDILVR,1
PEP953,LSVLGAITSVQQR,1
PEP581,VLVTTNVCAR,1
PEP301,VMVQPINLIFR,1
PEP1097,EALGGQALYPHVLVK,1
PEP1107,ILVATNLFGR,1
PEP343,ISSVQSIVPALEIANAHR,1
PEP1033,LNLDNVVSVSIGAR,1
PEP545,FSAFQTITSNIK,1
PEP516,LLEQQELK,1
PEP297,KGLTPSQIGVILR,1
PEP1247,LSQILSDFPK,1
PEP1283,KPYVVNDLEAEASLPEKK,1
PEP341,DMAIATGGAVFGEEGLNLNLEDVQAHDLGK,1
PEP84,ASTNAMLISAGLPPLK,1
PEP198,VLGLVLLR,1
PEP1232,STFSVEIVPICK,1
PEP692,GINILISTPGR,1
PEP1026,FPCLEEK,1
PEP1420,RYAICSALAASALPALVMSK,1
PEP987,AAAAAAAAAAGAAGGR,1
PEP204,SLLVQTK,1
PEP1436,TLGLGTPAGILLAGPPGCGK,1
PEP1292,EELRIQGVPK,1
PEP558,EQFPVLSHLLSIVQLPPNK,1
PEP149,LWTLVSEQTR,1
PEP1142,DAVSGLAFR,1
PEP29,LDPETLESLGLIK,1
PEP1250,LEELEKEEELR,1
PEP798,SETASVCSTTLWVGQLDK,1
PEP232,FVIATSTK,1
PEP1131,SLFPGLETK,1
PEP937,LYLPVQNK,1
PEP1201,LLDNLLALVR,1
PEP388,IYVLLRR,1
PEP86,LEINVLKK,1
PEP490,QLLLTSPVPGR,1
PEP817,LIALLEVLSQK,1
PEP106,ETQSPADQPEQQAESTLASAETR,1
PEP1001,EQGIQDPIKGGDVR,1
PEP486,TSDANETEDHLESLICK,1
PEP437,LCLAWQGMLLLK,1
PEP443,IQIFTFEGQFLLK,1
PEP1020,NMVGAGEVDEDLEVETK,1
PEP173,MLEDRDLFVMR,1
PEP140,TQSEATLEIETLGKR,1
PEP1253,GVTYLFPIQVK,1
PEP1311,GALTLSSPEIR,1
PEP1275,QILMASGSTTFTK,1
PEP889,CEESSLAGALGK,1
PEP792,TINEVENQILTR,1
PEP746,VGVVGLPNVGK,1
PEP618,SELNQAAEPLGNQETKDSTSQEVLSELR,1
PEP1198,CVLVWEGTAK,1
PEP942,LAIIVDEGGAALLVSLVCR,1
PEP328,NIVEAAAVR,1
PEP444,IQLFGPDGVFLNK,1
PEP461,VLMMLPPGEGFTFSGICR,1
PEP1404,LAALALASSENSSTPEECEEVNEKSK,1
PEP573,EQVDLETSAVQSETVPASASLLASQK,1
PEP391,LFCVGFTK,1
PEP521,LLEPICDADPSALANYVVALVK,1
PEP377,ALQFLEQVK,1
PEP1289,IVVLFYK,1
PEP1428,MLATACWSGLCK,1
PEP416,EAVCIVLSDDTCSDEK,1
PEP601,SAASGIPYHSEVPVSLK,1
PEP928,SLLPNSSQDELMEVEK,1
PEP1205,VDLTNPEYTVVVEIIK,1
PEP41,LLTWVIGTGSPR,1
PEP638,ISGETIFVTAPHEATAGIIGVNR,1
PEP508,APAAFLVSLYVK,1
PEP1328,YDLILDEQGEDSK,1
PEP1146,QQLIAQMQQEDEGRPT,1
PEP410,VVVVVPNEEDWK,1
PEP1089,VVFQEFR,1
PEP266,QITSISIEPGVEVEVTIADA,1
PEP93,TCPLLLR,1
PEP399,VNQAIWLLCTGAR,1
PEP688,TLEILTK,1
PEP630,YSQEGFSGSGQK,1
PEP803,AMNQQTTLDTPQLER,1
PEP741,IQLLISTDATAR,1
PEP544,QLLEGQVVLSSK,1
PEP478,GVEGLIDIENPNRVAQTTK,1
PEP384,QDLPNAMNAAEITDK,1
PEP1421,YAICSALAASALPALVMSK,1
PEP556,ADLFPILMR,1
PEP1463,TVLESGGETGDGDNDTTK,1
PEP253,GPLMMYISK,1
PEP906,TPAALAALSLTGSGTPPTAANYPSSSR,1
PEP575,YLTAEAFGFK,1
PEP107,QQITVEMSALR,1
PEP914,MAPALSGANLTSPR,1
PEP998,AALCLTVNAGNPPLEALLAVEHVK,1
PEP167,AEGQVLVLDGR,1
PEP969,VNILDVASGALLR,1
PEP127,VAVLGASGGIGQPLSLLLK,1
PEP1468,VAQLDTSQWPLLLK,1
PEP754,LQSGILVCTDVMAR,1
PEP432,FGVITEVDIK,1
PEP955,FTVDLPK,1
PEP1527,EAAGTTAAAGTGGTTEQPPR,1
PEP4,VTSIMQFGCFVQLEGLR,1
PEP826,LPITEYALSLGLAVAPR,1
PEP1413,AFVAGVLPLK,1
PEP1255,TFSFAIPLIER,1
PEP936,EAGAGGLAIAVEGPSK,1
PEP685,VIQPLVQQPILPVVK,1
PEP214,ITDDQQESLNKWK,1
PEP364,YLTVAAVFR,1
PEP527,LSAELLKDAPATK,1
PEP1464,NTLVTEAVQAPQLAAEAVNVIKR,1
PEP441,NELLEEFMDTAK,1
PEP647,MMAIAPNVTVMVGELVGAR,1
PEP147,VPPAINQFTQALDR,1
PEP932,IALALTAISLGTARPPPSMSAAGLAAR,1
PEP801,MLVVAEQPLHAMR,1
PEP1386,QVMVVPVGPTCDEYAQK,1
PEP765,ILIVTQTPPYMR,1
PEP1189,QMCICADFEK,1
PEP1060,AKELLGQGLLLR,1
PEP1038,GPSLNPVLDYDHGSR,1
PEP1240,CDLVPTWATK,1
PEP1310,IIVAIDGWPR,1
PEP310,LSNIFVIGK,1
PEP1417,AFPYGNVAFPHLTSSAPSWPSLVDTTK,1
PEP321,NLYIISVK,1
PEP755,AGAGVPDFLPSAQR,1
PEP1010,NLFNVVDCK,1
PEP1508,TVATPLNQVANPNSAIFGGAR,1
PEP1208,QLEPGLQGILITCNMNER,1
PEP299,GLTPSQIGVILR,1
PEP712,YVHLFPK,1
PEP347,NLLSVAYK,1
PEP499,GTAYTFFTPGNLK,1
PEP319,LNRLPAAGVGDMVMATVK,1
PEP438,TAAPTEGKNPLK,1
PEP239,NICQFLIEIGLAK,1
PEP523,FLDEGSLCGLSIAASK,1
PEP296,SVPTWLK,1
PEP208,FSPAGPILSIR,1
PEP1134,VAAMAPVTAEGFQER,1
PEP1288,LMELFPANK,1
PEP1002,LPPPMPPSER,1
PEP789,SAFLCGVMK,1
PEP711,VFSLSSEFK,1
PEP16,ELAPLLYFSCPYK,1
PEP357,IEINFPAEYPFKPPK,1
PEP680,FSALQQTLPAENTDNRR,1
PEP1277,YWIDIQLR,1
PEP594,YLVLDEADR,1
PEP1306,TYKELLVNLNPIAQPLASR,1
PEP636,WLLLTGISAQQNR,1
PEP114,LLVPTQYVGAIIGK,1
PEP670,LNVWVALLNLENMYGSQESLTK,1
PEP79,YMTDGMLLR,1
PEP274,MFSSSAK,1
PEP1156,LPVALDPGSK,1
PEP181,QRELEIEER,1
PEP1460,VLDVMPLTLHACMHQK,1
PEP536,IFQFQNFVNTR,1
PEP141,IIEENFPNIK,1
PEP834,TDKTPDGFAVPEPPK,1
PEP1396,YMEVSGNLR,1
PEP90,KLPDFLTAK,1
PEP510,IMFTQALNLDSIPVK,1
PEP960,LVIDCSFDDLMVLK,1
PEP916,SFLVQSR,1
PEP54,MCPIFQISNVTGENLDLLK,1
PEP767,AVTPVPTKTEEVSNLK,1
PEP402,CSAVWSEDGCIYPATITSIDFKR,1
PEP997,VLEDIQLNLFTR,1
PEP1325,EPYQILLDGTFCQAALR,1
PEP584,ALEQQVEEMR,1
PEP102,DAWIAAEQNPIETSR,1
PEP677,TVLPTVPESQEEEVKTSQLTVQQSK,1
PEP977,VEEFLTTVR,1
PEP597,WMEEQAQSLIDKTTAAFQQGK,1
PEP604,MLTAQDMSYDEAR,1
PEP298,LILIESR,1
PEP667,FEILSLESLCEGMR,1
PEP1317,TCEQSMVEQLDK,1
PEP1080,TEMEDLMSSKDDVGK,1
PEP555,EIDPENFKDIIEETEEK,1
PEP157,AFLADPSAFAAAAPAAAATTAAPAAAAAPAK,1
PEP161,LLLPEDPLISGLLNSQALK,1
PEP761,NVPGFLPTNDLSQPTGFLAQPMK,1
PEP1040,IGPYQPNVPVGIDYVIPK,1
PEP948,AGQLLPVVQFLQK,1
PEP871,TEVWGLVLVSEEK,1
PEP566,LMDVGLIAIR,1
PEP411,EVEGDDVPESIMLEMK,1
PEP541,FLTFAER,1
PEP1045,AGLTEPVLIR,1
PEP1433,YVDTGILASDLQR,1
PEP264,AILPCIK,1
PEP278,NCIVLIDSTPYR,1
PEP612,VIILSLDR,1
PEP169,CEGINISGNFYR,1
PEP166,ELSFAAVSFYHK,1
PEP262,LGHVVMGNNAVSPYQQVIEK,1
PEP472,SQSLLTFSTK,1
PEP460,YFPPLGSIMILER,1
PEP664,VGQGVCLTLK,1
PEP862,IVAVTGAEAQK,1
PEP1262,FICISDLR,1
PEP967,VWEAASGQCVYTQPQMPGLR,1
PEP644,YGLIYHASLVGQSSPK,1
PEP1331,VYYVSEMMLK,1
PEP342,IGIEIIK,1
PEP859,QLIDSNPNQPLVILEMESGASAK,1
PEP267,IMSSPLSK,1
PEP1526,GLAAALLLCQNK,1
PEP501,NALGPGLSPELGPLPALR,1
PEP763,DQDEQEELDFLFDEEMEQMDGRK,1
PEP53,LLAELNAIMGK,1
PEP284,VAGMDVELTVEER,1
PEP1053,EAENPREVLDQVCYR,1
PEP1055,LYTTMPVAK,1
PEP839,TVVTGIEMFHK,1
PEP925,VSSPVLETVQQR,1
PEP398,LPNFGFVVFDDSEPVQR,1
PEP1241,NSEMQQILAR,1
PEP36,VFSDIIYTVASCTENEASR,1
PEP1222,MVQQLQEDVDMEEAS,1
PEP1115,QSKDDEAEWQELQQSIQR,1
PEP1478,SLLQALNEVK,1
PEP1484,VLMTCVGIGFSNLSK,1
PEP838,NMITGTAPLDGCILVVAANDGPMPQTR,1
PEP921,VGLFSSQK,1
PEP395,AEYSYVK,1
PEP1231,KKDASDDLDDLNFFNQK,1
PEP381,IVLLDSSLEYK,1
PEP1017,SMGGAAIAPPTSLVEK,1
PEP1376,LFGYEMAEFK,1
PEP1162,SASSLLEQRPK,1
PEP1125,GVAINFVK,1
PEP1402,LIAHAGSLTNLAK,1
PEP459,GPILLAQNPICDCLGFGICR,1
PEP1496,VDSLIPWIR,1
PEP1016,SDSNPLTEILK,1
PEP368,TTLVIMER,1
PEP1148,LTQSPMPTVVPETTVAMATPK,1
PEP721,NQDEESQEPPELLK,1
PEP1519,QALEQSAEGLIR,1
PEP228,QLDSGLLLVTGPLVINR,1
PEP1481,QSLPPGLAVK,1
PEP164,GVDLVLNSLAEEK,1
PEP498,GLDIPTVQVVINHNTPGLPK,1
PEP50,AEHVVVPIVTFNK,1
PEP67,CVSATESIEIK,1
PEP60,DSIVQGFQWGTR,1
PEP781,ADIEVACYGYEGIDAVK,1
PEP1059,LDEEEEDNEGGEWER,1
PEP113,ISYSGQFLVK,1
PEP1405,EELASDLEEMATSSAKR,1
PEP946,AILMAFR,1
PEP1196,FKQCPTENMAR,1
PEP1416,LPGAIDVIGQTITISR,1
PEP1093,DIINNTSLAELEK,1
PEP698,YPNIELSYEVVDKDSIR,1
PEP725,FFGTAVTCLLSPHSQVAAAATQTLK,1
PEP915,SGTPPRPGSVTNMQADECTATPQR,1
PEP843,ATVGILITTIASK,1
PEP406,LASVPAGGAVAVSAAPGSAAPAAGSAPAAAEEK,1
PEP392,VVDPFSK,1
PEP939,SIGVYDVVELK,1
PEP346,DSTLIMQLLR,1
PEP491,ISLDLLR,1
PEP1070,LGPMNLQDPFDLSHNVAANVTGR,1
PEP408,KILDSVGIEADDDRLNK,1
PEP1137,LYLEQLR,1
PEP848,LVHPGVAEVVFVK,1
PEP1501,TCGFDFGGNIIMFSTDK,1
PEP503,LPFTVALFIAK,1
PEP258,LCTFILK,1
PEP1021,TVETVEGGGLVVILLR,1
PEP155,GTIEILSDVQLIK,1
PEP1509,GSNMDFREPTEEER,1
PEP943,VTVFDLK,1
PEP457,ILAVEPR,1
PEP1069,QPLLLSEDEEDTK,1
PEP787,VLPAQATEYAFAFIQVPQDEDARTDAVDSVVR,1
PEP546,LEAAYSPR,1
PEP1431,VFSIISSEKELK,1
PEP1290,LLCQEETPEATEDERDEERGGMEAMESCK,1
PEP337,IQDKEGIPPDQQR,1
PEP304,MFLRGDSVIVVLR,1
PEP1170,GVPLQFDINSVGK,1
PEP1223,KPFMLDEEGDAQTEETQPSETK,1
PEP965,TVPVFESVEASVLLPEQPAPALGVK,1
PEP1446,IIMELFSNIVPQTAENFR,1
PEP582,VSEQIVIGTPGTVLDWCSK,1
PEP578,MLLFTEVTR,1
PEP415,WALSQSNPSALR,1
PEP624,AYIVQLQIEDLTR,1
PEP1359,EDMEYALR,1
PEP39,SLALSVAVNVAPSR,1
PEP576,VNILSDMHLR,1
PEP701,MEADPELSK,1
PEP1521,VEQPVGEGLAVKR,1
PEP1190,QCFLVLR,1
PEP911,TPMSVLQQTGGSMMDGPGPR,1
PEP103,ENEAQQSPSPNTALSAAQSQK,1
PEP270,VVLVLAGR,1
PEP156,TSFFQALGITTK,1
PEP190,LSIVPVR,1
PEP454,EAAAAAAAAVAAAAAAAAAAEPYPASGTTKR,1
PEP1389,ELVLHNPVTLK,1
PEP874,TITTLYVGGLGDTITETDLR,1
PEP440,VVMDFTVDPEQK,1
PEP532,QASKPGFTFSSGK,1
PEP524,VLYVYDMLAGK,1
PEP287,YLAEFATGNDR,1
PEP1372,QLGLPTALK,1
PEP1221,ELTVDNSFEFEKR,1
PEP635,LPVVIGGLLDVDCSEDVIK,1
PEP1181,FLAVGLVDNTVR,1
PEP875,QQCAFIQFATR,1
PEP312,GCIVDANLSVLNLVIVK,1
PEP793,LMLLLEVISGER,1
PEP213,LYANMFER,1
PEP418,TSIAIDTIINQK,1
PEP221,IGPLGLSPK,1
PEP991,LCLHNLPK,1
PEP487,LMELANLQPK,1
PEP828,ELLDLAMQNAWFR,1
PEP307,LIEAEDNMNCQMSNITVTYR,1
PEP1167,QAVGEEPDEDLFPTAAK,1
PEP1474,LVQTPLTDR,1
PEP88,MLGAEGGEGFVVK,1
PEP370,ILQVSFK,1
PEP561,TIQTIQGAITGDILPR,1
PEP744,LILLWNVYGDCDNYATLK,1
PEP1276,LDWVEVGLQVCR,1
PEP458,VNSEFTTLK,1
PEP1488,TENSLASGEASAMKEETELSGK,1
PEP1472,ESPEVLLTLDILK,1
PEP507,AQEGPEAEIIGGER,1
PEP397,FMQTFVLAPEGSVPNK,1
PEP1008,IINDYYPEEDGKTK,1
PEP886,YTLLLEKEEK,1
PEP1155,NIQVDSPYDISR,1
PEP1092,ALEEAMEQKAELER,1
PEP1248,DFIDLTLSK,1
PEP860,GGYVLHIGTIYGNLK,1
PEP1194,TSYIAQLMK,1
PEP363,LAVNMVPFPR,1
PEP777,EHVIEALR,1
PEP1489,VLSGAVAAEAAEAK,1
PEP1461,TVLESGGETGDGDNDTTKK,1
PEP1135,QVQIDGLVVLK,1
PEP535,LEEMFPDEMDTPR,1
PEP672,YGAFVLGR,1
PEP1424,LEAAATALATK,1
PEP1271,TGQLFLK,1
PEP1187,QQQFNVQALVAVGDHASK,1
PEP912,IHTTALTGQSPPLASGHQGEGDAPSVEPGATNIQQPSSPAPSTK,1
PEP373,IGLIQFCLSAPK,1
PEP883,NDEVLPVMYIHR,1
PEP1441,EGQWECSVCLVR,1
PEP366,GALQYLVPILTQTLTK,1
PEP148,VAPAPAVVK,1
PEP823,INNINILVCTPGR,1
PEP474,FAEVVEK,1
PEP1084,QAQQERDELADEIANSSGK,1
PEP1502,AVGPASILK,1
PEP116,NVILSSAAERPLEIR,1
PEP639,LLLPWLEAR,1
PEP810,LAVEETKGELLLQLCR,1
PEP34,DSLIDLKDSSAK,1
PEP959,VDAGAEPISK,1
PEP802,VLQDWNALR,1
PEP1151,MACLLCR,1
PEP446,SLGDELLGHTDR,1
PEP383,ILMVGLDAAGK,1
PEP451,ISALESQPAR,1
PEP131,GIDVQQVSLVINYDLPTNR,1
PEP183,VLLATLSIPITPER,1
PEP1365,GIGMGNLGPAGMGMEGIGFGINK,1
PEP1242,LYIEAEIK,1
PEP1172,SLIEQCSAPLPPSIFMELANK,1
PEP1143,YGEVLNLVLSR,1
PEP1003,GVGVALDDPYENYR,1
PEP857,VAAVQPPEEGPSR,1
PEP1051,VAYAQIDWHDFVVVETVDFQPNEQGNFPPPTTPEELGAR,1
PEP982,YFSSMAEFLK,1
PEP1447,VELVTGEEDEKVLYSQR,1
PEP863,SIFASPESVTGK,1
PEP286,DNLTLWTSDMQGDGEEQNKEALQDVEDENQ,1
PEP659,LVLSSPNSSILWLQYMAFHLQATEIEK,1
PEP990,AVLETIR,1
PEP1457,SLVFANSISCIK,1
PEP726,SWLLPVIR,1
PEP1514,CIALAQLLVEQNFPAIAIHR,1
PEP1071,GQPVAPYNTTQFLMDDHDQEEPDLKTGLYPK,1
PEP985,EAQAQGDPVACAIK,1
PEP705,MWQSMCPLR,1
PEP38,DSLIDLK,1
PEP1476,MLSAVSQQVQCIQEALR,1
PEP330,LVILANNCPALRK,1
PEP669,VLALSLR,1
PEP72,ELEEYVEKEK,1
PEP1098,YNILGTNAIMDK,1
PEP1473,DLFQVAFNR,1
PEP195,YWDVPPPGFEHITPMQYK,1
PEP1136,KTEEEEEEELEETAQEK,1
PEP1214,SAQAFTLLK,1
PEP598,GNLEVLLFTIQSK,1
PEP255,VTDGALVVVDCVSGVCVQTETVLR,1
PEP1260,QQIAEIEK,1
PEP819,SPFEVQVGPEAGMQK,1
PEP325,LNNLVLFDK,1
PEP868,YVASAVFGLIGSQK,1
PEP832,GVAYTLLTPK,1
PEP525,TGNFISTSTSLPR,1
PEP428,GFAFVEFETK,1
PEP738,LLQPLVAR,1
PEP1479,YLYTLVITDK,1
PEP1318,TFLFSATMTK,1
PEP938,LYSEDELPAEFK,1
PEP497,TAAFVLPILQK,1
PEP640,LFVSEGSPGSLPVLAAAAR,1
PEP468,TFTIGPK,1
PEP3,NPDGSLSQAAMMQSALAK,1
PEP872,ILILQGNK,1
PEP988,YDTLAQMLTLGNIR,1
PEP329,LVILANNCPALR,1
PEP1382,LQEVFGCAIR,1
PEP1180,FGNICVVR,1
PEP606,AQTLPTSVVTITSESSPGKR,1
PEP1336,VLEQLTGQTPVFSK,1
PEP1530,TLGEIPTYGLAGNR,1
PEP517,LQLGTPPPLLAAR,1
PEP831,DILIDPIR,1
PEP37,TTVPIVESK,1
PEP880,LFGTLLER,1
PEP433,LPPPPPPPLPR,1
PEP1019,CVIFEIPGAPDDEAVR,1
PEP1482,YLYTLVITDKEK,1
PEP634,VVGAMQLYSVDRK,1
PEP68,VVLASQPDLECGFSR,1
PEP42,AYSDQAIVNLLK,1
PEP1458,RPLLGLVLTPTR,1
PEP476,SLPLSVLK,1
PEP1327,DFIIQTGDPTGTGR,1
PEP482,KGVEGLIDIENPNR,1
PEP493,SIVCLEDLQVGTVLTGK,1
PEP1316,APVNTAELTNLLMQQNHIGSVIK,1
PEP710,TNLLLQAHLSR,1
PEP191,SQEQLAAELAEYTAK,1
PEP783,INLIAPPR,1
PEP703,TICAEFAILR,1
PEP144,APFDLFENK,1
PEP111,SQVDQLLTISLREEELSK,1
PEP2,NLVGETNEETSMR,1
PEP464,IEFEQNLAANEQAGPINR,1
PEP1448,SGEEDEEVLFK,1
PEP1294,TFSNWPTYPQLYVR,1
PEP605,SALPAQSAATLPAR,1
PEP588,IGQLEEQLEQEAKER,1
PEP515,MGIYYIPVLGPAPR,1
PEP1042,LQALAGFQQR,1
PEP1286,QNLAEMGLAMDPNK,1
PEP877,LLEAVLTSR,1
PEP1119,LIMVLAGASEFDPQYNK,1
PEP401,TTWGLPIDAVQWDICNLPLR,1
PEP1388,TAAYAIPMLQSLLHK,1
PEP1179,IVPGQFLAVDPK,1
PEP1018,LLQSQLQVK,1
PEP220,QAQIEVVPSASALIIK,1
PEP785,TEGLSVLNQAMAVIK,1
PEP619,QAMQEQLAK,1
PEP1298,WEVPLPK,1
PEP776,ITTVFSHAQTVVLCVGCSTVLCQPTGGK,1
PEP324,AALQELLSK,1
PEP1523,SEALEFVPIDSPK,1
PEP549,QSAFAILR,1
PEP1067,QPLLLSEDEEDTKR,1
PEP900,AITGASLADIMAK,1
PEP756,LPLPDDREDGELEEGELEDDGAEEVQDPPGGQER,1
PEP1037,MKSQAFIEMETR,1
PEP112,AVSCLATAQEGAR,1
PEP1100,LQAFGLNPK,1
PEP1256,FELFVMK,1
PEP91,YVQLPADEVDTQLLQDAAR,1
PEP205,FAHTNIESLVK,1
PEP212,LEQSNIVK,1
PEP674,GTVLAIKPFGILVK,1
PEP481,VTQLDLDGPK,1
PEP964,QFAGYSEEVLDVR,1
PEP770,LIGEYGLR,1
PEP1252,TGICVCFYQPR,1
PEP226,QTYSTEPNNLK,1
PEP847,WGTLTDCVVMR,1
PEP622,APLATGEDDDDEVPDLVENFDEASK,1
PEP9,MEMELDYAEDATER,1
PEP686,LFDAVNTK,1
PEP421,MGEEVIPLR,1
PEP1503,TGYGGGFNER,1
PEP894,VLDAIWSGAALGAR,1
PEP1495,QININNPFVFK,1
PEP1184,LGAVFNQVAFPLQYTPR,1
PEP1035,TLAFSIPILMQLK,1
PEP1453,NTLTENMGPNQQK,1
PEP117,LYDIVAVFPK,1
PEP1435,TLLAHAIAGELDLPILK,1
PEP1272,TISSYTAFSR,1
PEP1263,VPGLPTPIENMILR,1
PEP1024,QSILNSLSR,1
PEP513,VALELPANK,1
PEP238,LATQLTGPVMPIR,1
PEP62,NKITMIAEPLEK,1
PEP1295,ASVMLFMK,1
PEP1048,ALILSPTR,1
PEP1477,TSAPITCELLNK,1
PEP419,TEWMDLK,1
PEP1522,SCSTHLEECLGAEPTR,1
PEP675,EYGVFVQFPSGLSGLSPK,1
PEP1261,ISLIQIFR,1
PEP506,ACLDLMTAMVTQGPEAAR,1
PEP20,LGIDTLLPQCLR,1
PEP1380,SDGGYTYDTSDLAAIK,1
PEP825,ITFTDEGELVQQWPQIQK,1
PEP1090,VSHLLGINVTDFTR,1
PEP333,ELEVLLMCNK,1
PEP1065,LNEILQVR,1
PEP1333,AAALGAGGGAGAGDDDFDQFDKPGAER,1
PEP1075,LQGLPIVAGTMDIR,1
PEP1518,KVEQPVGEGLAVK,1
PEP1504,TYTIANQFPLNK,1
PEP790,EQILEEFSK,1
PEP1353,VIFTSPIK,1
PEP456,TAAVGEICEEGLR,1
PEP887,ECLSIWNIK,1
PEP1027,FILSLASCK,1
PEP294,ILSGVVTK,1
PEP305,GDSVIVVLR,1
PEP385,LGEIVTTIPTIGFNVETVEYK,1
PEP518,AISGLEGPLTK,1
PEP277,IETLDPALIRPGR,1
PEP772,LFEGNALLR,1
PEP188,QLLPTLLQGPSIFTAPK,1
PEP709,DTLGLFLR,1
PEP295,CPFTGNVSIR,1
PEP758,AVEGLLDATSGADADLLLR,1
PEP1087,SMEAEMIQLQEELAAAER,1
PEP557,LLHLSLK,1
PEP231,AVDLQILPK,1
PEP563,LAISAQNEPAR,1
PEP1132,ETGFINYYGMQR,1
PEP1394,NVPYVFVR,1
PEP139,ISGAEDSIENIDTTVKENTK,1
PEP248,FLETVELQISLK,1
PEP577,QLICDPSYVK,1
PEP135,CMPTFQFYK,1
PEP975,TVTCLCLSSSGQR,1
PEP836,TTLTAAITK,1
PEP70,DEQLLTNVLETLR,1
PEP1047,TACFLLPMFER,1
PEP986,ATLLLESGIR,1
PEP1094,SSVAVLTQESFAEHR,1
PEP1349,ISDILAK,1
PEP1061,SIVDKEGVPR,1
PEP661,VIHLSLAPK,1
PEP1326,IGADEEIDDFKGR,1
PEP929,ENSFESSLEFK,1
PEP30,FYQEPSGETPSSLYR,1
PEP1485,KVLSGAVAAEAAEAK,1
PEP1150,ISEMLLGPVPPGFVFLPK,1
PEP359,YWLCAATGPSIK,1
PEP1437,IVAQLLTCMDDLNNVAATAR,1
PEP816,LLGWIQNK,1
PEP338,GTLDPVEK,1
PEP316,DGYYIQAQCAIIMFDVTSR,1
PEP1086,DLEGLSQRLEEK,1
PEP1475,YATLATVSR,1
PEP1116,SDSYMGLDQIKPLK,1
PEP923,FSPTQDRPESSTVLK,1
PEP1209,ATTAQQSPQPVAGKR,1
PEP870,NLLVTSGK,1
PEP1279,FSPIPFPPLSYK,1
PEP589,ELDDATEANEGLSR,1
PEP1013,IIVGDATEKGEAQDASK,1
PEP821,ANEPTHFTVDCTEAGEGDVSVGIK,1
PEP1174,VFNLFCLYGNIEK,1
PEP732,TLLDSLR,1
PEP553,TNMHIFIESGLR,1
PEP1062,CLEEFELLGK,1
PEP372,VVSQYSSLLSPMSVNAVMK,1
PEP919,QIAPEPPKPYSLVR,1
PEP246,VIDAGALAVFPSLLTNPK,1
PEP1211,TLNLSGNELKTERELDK,1
PEP356,ITVTSEVPFSK,1
PEP1153,IDHILDAL,1
PEP1034,TQGVLLER,1
PEP1173,TEEGEIVYSAEESENR,1
PEP779,VLTVINQTQK,1
PEP27,FLQLCIFPR,1
PEP512,ELHPYMEGVQIR,1
PEP425,VEASSLPEAR,1
PEP133,VLITTDLLAR,1
PEP374,ALIAGGGAPEIELALR,1
PEP439,LASAFSLPIGESLAQR,1
PEP1011,QQPASESPPTDEAAGSGGSEVGQTEDAEEDAEAGPEPEVR,1
PEP824,ELAYQTFEVLR,1
PEP954,FGATLEIVTDK,1
PEP1265,FGDLILK,1
PEP1041,DVLDLGCNVGHLTLSIACK,1
PEP922,TPQAPTPANLVVGPR,1
PEP1245,SGEIWAR,1
PEP743,ALFHIAR,1
PEP637,SVDPTLALSVYLR,1
PEP1158,IGEILVLVAAR,1
PEP1192,AQDATAGVLWNEEDTDEDEDDDGVSPESHPR,1
PEP218,TPYTIMFGPDK,1
PEP152,GPLQSVQVFGR,1
PEP389,TTDGYLLR,1
PEP122,ALLFVPR,1
PEP216,GSIFAVFDSIQSAK,1
PEP1141,NSVCIIPLR,1
PEP983,IMGVAGGLTNLSK,1
PEP1443,IAIAVLEETTR,1
PEP1340,AEQLGAEGNVDESQKILMEVEK,1
PEP1467,GEAICMAIALMTTAVISTCDHGIVAK,1
PEP643,EEPLSEEEPCTSTAVPSPEK,1
PEP876,EELFVGSLPSEDTALAGSQGATYK,1
PEP1264,WLGNLLAR,1
PEP268,YVIYIER,1
PEP447,ELSTEQSDQPSR,1
PEP778,VLTVINQTQKENLR,1
PEP100,VCSGNQPAPVPAMEPATDGLWAHSR,1
PEP896,LFGQPPCAFVTFR,1
PEP21,ALELFVK,1
PEP1305,AAIAAAAAAAAAK,1
PEP728,EEEDGNKVEEEDGTKGEDEDMTDAMEDASVR,1
PEP1269,ASGFEESMK,1
PEP1278,ALDIPLVK,1
PEP15,LLELILLDQTVR,1
PEP884,IGSLSSSVSVPAKPER,1
PEP1494,IQLIFER,1
PEP934,IPAASAAAMNLASAR,1
PEP362,FPGQLNADLR,1
PEP1127,GLDVPQVSLIINYDLPNNR,1
PEP1122,YLFPVPK,1
PEP1206,CVEEAYSLLNEYGDDMYGPEK,1
PEP656,FQVGQAIEATVVDPDVPR,1
PEP480,VRQYTSPEEIDAQLQAEK,1
PEP1267,IDLTLLNR,1
PEP1124,VLISTDVWAR,1
PEP687,TLSVSTPAVDNNEAQKK,1
PEP1210,TWLLSMIQSK,1
PEP730,NFLPILFNLYGQPVAAGEAAAPR,1
PEP1411,TAGSVCLLMQVSMPCVLFAASPSELR,1
PEP1491,LEEQLSINGYDYNCHVELIR,1
PEP933,TPAAAAAMNLASPR,1
PEP1237,QIGNVAALPGIVHR,1
PEP559,QATAFGLLK,1
PEP657,SIIAAPFLR,1
PEP879,AFQEMWLGFLK,1
PEP376,WVGGPEIELIAIATGGR,1
PEP289,VANVSLLALYK,1
PEP1091,IIGLDQVAGMSETALPGAFK,1
PEP1039,ITPENLPQILLQLK,1
PEP1226,FPEEDEILEK,1
PEP514,CLDSEVVTFEILSDDYSK,1
PEP645,EEPLSEEEPCTSTAVPSPEKK,1
PEP271,TVAGGAWTYNTTSAVTVK,1
PEP766,MDADGFLPITLIASFHR,1
PEP1082,DFSALESQLQDTQELLQEENR,1
PEP360,VWQVTIGTR,1
PEP427,TVYVELLPK,1
PEP1442,NFQWANTGAAVFGTQTTSK,1
PEP1332,LAANISGDKLVSLGTCFGK,1
PEP1068,DEAQVCAIIER,1
PEP1321,IQIEAIPLALQGR,1
PEP1360,AGGLMFNTGIGQHILK,1
PEP693,QNVLLSATLTEGVTR,1
PEP99,GETLLHIASIK,1
PEP543,LVGLESFSLAFASVQK,1
PEP430,LQQLALGR,1
PEP170,ISLPLPTFSSLNLR,1
PEP235,ALANVNIGSLICNVGAGGPAPAAGAAPAGGAAPSTAAAPAEEK,1
PEP842,QSSFALLGDLTK,1
PEP452,VSEPVLSLPVR,1
PEP968,GLWNVQFSPTDQVLATASADGTIK,1
PEP186,TVTLVEAIK,1
PEP335,TELFIAAEGIHTGQFVYCGK,1
PEP648,AEVEEEMEEEEAEEEQVVEEEPTVK,1
PEP1185,LPTLLLK,1
PEP633,NLQNLLILTAIK,1
PEP14,LQQAAQQHIQQQLLAK,1
PEP1178,LVYILNR,1
PEP1238,SSMTFLTR,1
PEP649,AEVEEEMEEEEAEEEQVVEEEPTVKK,1
PEP665,ACILCVHPR,1
PEP608,QIVAGTNLFIK,1
PEP708,TYTQLVR,1
